"","rules","support","confidence","lift"
"2","{} => {Flight.Status=0}",0.805542935029532,0.805542935029532,1
"5","{ORIGIN=DCA} => {Flight.Status=0}",0.522035438437074,0.838686131386861,1.04114392283276
"10","{Weather=0} => {Flight.Status=0}",0.805542935029532,0.817427385892116,1.01475334255417
"12","{ORIGIN=DCA,Weather=0} => {Flight.Status=0}",0.522035438437074,0.849223946784922,1.05422555379222
