Quarter,Month,2011,2012
1,1,254.69999999999993,214.89999999999998
2,4,154.32499999999996,268.29999999999995
3,7,256.45,221.62499999999994
4,10,298.49999999999994,299.275
